name,type,address,rating,reviews,query,scraped_at,link,image
Head Chef Cafe & Restaurant,Coffee shop,Open ⋅ Closes 4 pm,4.7,142,sandwich shops near me,2025-10-29 14:18:20.610477,https://www.google.com/maps/place/Head+Chef+Cafe+%26+Restaurant/data=!4m7!3m6!1s0x487adafada07ed11:0x7d730fc5b778ed24!8m2!3d53.2123027!4d-3.0398861!16s%2Fg%2F11_s2dfw7!19sChIJEe0H2vraekgRJO14t8UPc30?authuser=0&hl=en&rclk=1,https://lh3.googleusercontent.com/gps-cs-s/AG0ilSyk30aEBQMx76RyOJde9SrARul2hH5m5yfiT9OaRDCmApv79kiKI1p9g9hqYmlo7OQAtAT_9gaPSq0U0VSTAYme-ojtCYTqmC4mQXoMdtn8bSUp9TKOl0SxOYCQhrKidqNmwWoE=w122-h92-k-no
Buttylicious,Sandwich,Closed ⋅ Opens 8:30 am Thu,3.6,7,sandwich shops near me,2025-10-29 14:18:20.697663,https://www.google.com/maps/place/Buttylicious/data=!4m7!3m6!1s0x487adb2b02c9dbf5:0xcf48ae3012604c86!8m2!3d53.2129877!4d-3.0410874!16s%2Fg%2F11vqxf9bmd!19sChIJ9dvJAivbekgRhkxgEjCuSM8?authuser=0&hl=en&rclk=1,https://lh3.googleusercontent.com/p/AF1QipPS8oOV0myjhBkjWWqZqaZGDACRWJufpHqLW1ks=w122-h92-k-no
Caffi Dai,Cafe," · Deeside Enterprise Centre, Rowleys Drive, Shotton",4.6,29,sandwich shops near me,2025-10-29 14:18:20.822271,https://www.google.com/maps/place/Caffi+Dai/data=!4m7!3m6!1s0x487adae767d17d87:0x6dc3162dd79af2b!8m2!3d53.2114904!4d-3.0349999!16s%2Fg%2F1hc2zhrhf!19sChIJh33RZ-faekgRK6953WIx3AY?authuser=0&hl=en&rclk=1,https://lh3.googleusercontent.com/gps-cs-s/AG0ilSyUqMILybrsHq2qcUp6KauQ14Onhvct3zL-lkmEEBMcEYH7TdFGIhSrg3XUwQ8wRxqX0G8JyGOs1HASGTpk9T79a2XXXwhECNUef2rZK-K_DU-FJcQP4K0JfUqiPlZzZqT5XHEG=w122-h92-k-no
Sayers,Sandwich, · 17 Chester Rd W,2.4,23,sandwich shops near me,2025-10-29 14:18:20.941143,https://www.google.com/maps/place/Sayers/data=!4m7!3m6!1s0x487adafad0a3bb89:0x3995f707f32460fb!8m2!3d53.2122231!4d-3.0399211!16s%2Fg%2F1tfd1yfs!19sChIJibuj0PraekgR-2Ak8wf3lTk?authuser=0&hl=en&rclk=1,https://lh3.googleusercontent.com/gps-cs-s/AG0ilSw1au_TW3bgTUmZIXaEOxG90nMsqm_AuURPPyD1UOXwGeQeZO9X5reEfSYgzmArQZCiImMiQbQt8MTTPOp2cwfG5BVpfP64j_qCHXwepntEVw0mdH33UptFpmvZ_uFzAZa_YdA_6Q=w122-h92-k-no
Kims Sandwich Shop,Sandwich," · Pentre House/Chester Road, Pentre",4.8,92,sandwich shops near me,2025-10-29 14:18:21.012295,https://www.google.com/maps/place/Kims+Sandwich+Shop/data=!4m7!3m6!1s0x487adb3dba1e3279:0x9cc107396bb78526!8m2!3d53.1997497!4d-3.0104631!16s%2Fg%2F1hdyw_29g!19sChIJeTIeuj3bekgRJoW3azkHwZw?authuser=0&hl=en&rclk=1,https://lh3.googleusercontent.com/gps-cs-s/AG0ilSzTpwCj_TaWh-LEFFgRFJnrUxwUwYOC4YeWHWY9mAkh2WtJhf_zye5mi1dAoQJKWv_-oPyZPeVTvDxOZ4MdUgebeQd7gLT7zpjsh1V0kHiKT7J_hYC1I0wnbGSZJm9bsJRF4t8=w80-h106-k-no
Shotton Food Centre,Convenience Store,Open ⋅ Closes 11 pm,0.0,0,sandwich shops near me,2025-10-29 14:18:21.074329,https://www.google.com/maps/place/Shotton+Food+Centre/data=!4m7!3m6!1s0x487adb001a0aff97:0xf7de6b7592621e57!8m2!3d53.2129693!4d-3.0410399!16s%2Fg%2F11vzd1fmm4!19sChIJl_8KGgDbekgRVx5iknVr3vc?authuser=0&hl=en&rclk=1,https://lh3.googleusercontent.com/gps-cs-s/AG0ilSxAHJDeSXxP-tongq8zlDntjZwf8TTpy6aI6wA9rOfDDWodr727YGsPaef2aQOUY6C97cw7WCkJqQV0-2dIKIMli7HoRWAp2dWSEhtTE8bVvUwpcEHd_cSBf6l7O0PBa_Ml1WgG8fB1C-Sz=w122-h92-k-no
Shotton Pizza and Kebab Stop,Fast food, · 44 Chester Rd W,4.2,71,sandwich shops near me,2025-10-29 14:18:21.137037,https://www.google.com/maps/place/Shotton+Pizza+and+Kebab+Stop/data=!4m7!3m6!1s0x487adafabfb95c9b:0xe0946ecf3fd844b!8m2!3d53.2128993!4d-3.0411662!16s%2Fg%2F11dymnzgh8!19sChIJm1y5v_raekgRS4T98-xGCQ4?authuser=0&hl=en&rclk=1,https://lh3.googleusercontent.com/gps-cs-s/AG0ilSztWpDyeyv8ZtQaxh5LnIt4n6rOEj-QBXaQujMJf7LRfoVh_1bGtuy-P3GS0v41XdHG41HirZBTwwf9lFMGowl--j2-c6Cb7lGM2J4_8staf-WdKHfPzHKb4je4wqSgU4qSNjAR5A=w80-h106-k-no
BRUNCH DEESIDE,Sandwich,Closes soon ⋅ 2:30 pm ⋅ Opens 8 am Thu,5.0,7,sandwich shops near me,2025-10-29 14:18:21.200179,https://www.google.com/maps/place/BRUNCH+DEESIDE/data=!4m7!3m6!1s0x487adb0fcd2b17e9:0x4f91f4480ac84ac1!8m2!3d53.1894396!4d-3.0519976!16s%2Fg%2F11vzfc4gfs!19sChIJ6RcrzQ_bekgRwUrICkj0kU8?authuser=0&hl=en&rclk=1,https://lh3.googleusercontent.com/p/AF1QipPmYjMnLEMp32XgMPTKH5ZG0Y2j8NlCKszw2RIe=w80-h106-k-no
The Ferry Diner,Diner, · 31B Station Rd,5.0,175,sandwich shops near me,2025-10-29 14:18:21.270180,https://www.google.com/maps/place/The+Ferry+Diner/data=!4m7!3m6!1s0x487adb0cb442df63:0x2a3ce39bdc97f17b!8m2!3d53.2068296!4d-3.0230525!16s%2Fg%2F11y42w_nn8!19sChIJY99CtAzbekgRe_GX3JvjPCo?authuser=0&hl=en&rclk=1,https://lh3.googleusercontent.com/gps-cs-s/AG0ilSxN0sLPrl1FKPRn9IRUVsWfm6FfWDRoAcZTQNzBGZSHJqZonH9Wyq61Zf3CDVHwtsQYdbuvXwUuyw_G9WrA_4lG99BB0cJl6KtU0kZl3cLjnC74-o9JKCnIhn-vIXDVdO0HbxJAa3HD-BP9=w122-h92-k-no
Smash Box Connah's Quay,Takeaway,Closed ⋅ Opens 5 pm,4.7,48,sandwich shops near me,2025-10-29 14:18:21.356311,https://www.google.com/maps/place/Smash+Box+Connah%27s+Quay/data=!4m7!3m6!1s0x487adbaeed67f0d7:0xfb9156931714587e!8m2!3d53.2165516!4d-3.0653125!16s%2Fg%2F11wp4rj86v!19sChIJ1_Bn7a7bekgRflgUF5NWkfs?authuser=0&hl=en&rclk=1,https://lh3.googleusercontent.com/p/AF1QipPcZ3XSAqpCZulxbt58jGrykdczN9wfllknbYrP=w162-h92-k-no
Crumbs Sandwich Bar,Cafe,Closes soon ⋅ 3 pm ⋅ Opens 9 am Thu,4.8,33,sandwich shops near me,2025-10-29 14:18:21.430690,https://www.google.com/maps/place/Crumbs+Sandwich+Bar/data=!4m7!3m6!1s0x487acff8232896f5:0xb496a5d2bcd94873!8m2!3d53.1683018!4d-3.0806344!16s%2Fg%2F1tdyvx7f!19sChIJ9ZYoI_jPekgRc0jZvNKllrQ?authuser=0&hl=en&rclk=1,https://lh3.googleusercontent.com/gps-cs-s/AG0ilSwT6HUJVuDTohLaombxHQI0xzC6rcWSAcD_3PIS56oYw6tPMYxk6whFHJSdFh7VZcYvbkxOOxJMveoHvnlo6iWGxZQgIWGKF5FRVdscL9yXQpNqfkbfd9q_BNoodwCJYQTpIJbC-n8zz1c=w80-h106-k-no
Harun's Charcoal Grill,Kebab Shop,,3.8,77,sandwich shops near me,2025-10-29 14:18:21.487350,https://www.google.com/maps/place/Harun%27s+Charcoal+Grill/data=!4m7!3m6!1s0x487adaf1151e3f77:0xdc20e63432fb836d!8m2!3d53.2151162!4d-3.0480543!16s%2Fg%2F1hc18hjv1!19sChIJdz8eFfHaekgRbYP7MjTmINw?authuser=0&hl=en&rclk=1,https://lh3.googleusercontent.com/gps-cs-s/AG0ilSy14_L1SSl1nlJWxREqetteTgDYtnMCMX-gTajvAOiRx2brLu8tHd28pZOzDnRtULDppiGtlf4tRdZyVNW1oH8X7X5z4AeoyKdWJPdc01H6HyGbnj29HiZny3NfJ36o6ASIcOCVEA=w87-h92-k-no
MEDINA SUPERMARKET,Convenience Store, · 34 Chester Rd W,3.5,2,sandwich shops near me,2025-10-29 14:18:21.566931,https://www.google.com/maps/place/MEDINA+SUPERMARKET/data=!4m7!3m6!1s0x487adafac1ac54bf:0x33935bd776aa1973!8m2!3d53.2129349!4d-3.0407318!16s%2Fg%2F11l6t3b2h7!19sChIJv1SswfraekgRcxmqdtdbkzM?authuser=0&hl=en&rclk=1,https://lh3.googleusercontent.com/gps-cs-s/AG0ilSyGL1l5jmgRbAVpAhQ6UVIRQ0Qx-91FPo0npEHmVW0i0RXhEUlCelQehfzjYv40JBBJ4LrmyVZzch-HeKns6lSFhT3Y8YzsdZoQi8gtJciyRdUQV2s4laTokavfF8_cb1b6D5DHiw=w122-h92-k-no
The Village Bakehouse & Deli,Sandwich,Closes soon ⋅ 2:30 pm ⋅ Opens 8:30 am Thu,4.8,34,sandwich shops near me,2025-10-29 14:18:21.642521,https://www.google.com/maps/place/The+Village+Bakehouse+%26+Deli/data=!4m7!3m6!1s0x487ad9971ce1d6dd:0x4f5f4158c3afe3b2!8m2!3d53.2828788!4d-3.053729!16s%2Fg%2F11c54ff_r3!19sChIJ3dbhHJfZekgRsuOvw1hBX08?authuser=0&hl=en&rclk=1,https://lh3.googleusercontent.com/p/AF1QipNgp9cRAr2g8TJQ2YFnBcHMX4EPGJtY_BFDihJ6=w80-h106-k-no
Sandwich'd,Sandwich,Open ⋅ Closes 4 pm,5.0,11,sandwich shops near me,2025-10-29 14:18:21.714640,https://www.google.com/maps/place/Sandwich%27d/data=!4m7!3m6!1s0x487add00554f69b3:0xdc404670633679ef!8m2!3d53.1918526!4d-2.8942078!16s%2Fg%2F11x7trq84c!19sChIJs2lPVQDdekgR73k2Y3BGQNw?authuser=0&hl=en&rclk=1,https://lh3.googleusercontent.com/p/AF1QipOthsvJlSX_aSX1KOeIwlngx4Mvx7hH9cT3iQj8=w92-h92-k-no
PressBox Sandwich&Coffee Bar,Sandwich,Open ⋅ Closes 4:30 pm,4.8,93,sandwich shops near me,2025-10-29 14:18:21.782918,https://www.google.com/maps/place/PressBox+Sandwich%26Coffee+Bar/data=!4m7!3m6!1s0x487add4a2df4e8dd:0x869a578ca3bc71e3!8m2!3d53.1881939!4d-2.8914273!16s%2Fg%2F1hc36rf4s!19sChIJ3ej0LUrdekgR43G8o4xXmoY?authuser=0&hl=en&rclk=1,https://lh3.googleusercontent.com/p/AF1QipNzFn4wh41vMv3UZAiGG5DmJL2mIkuc6u4G2HQu=w80-h106-k-no
Canteen,Sandwich,Open ⋅ Closes 4 pm,4.8,58,sandwich shops near me,2025-10-29 14:18:21.854351,https://www.google.com/maps/place/Canteen/data=!4m7!3m6!1s0x487addabaa8a27f3:0x73c8780c0e9cb27!8m2!3d53.1912989!4d-2.8899864!16s%2Fg%2F11y7qbwv36!19sChIJ8yeKqqvdekgRJ8vpwICHPAc?authuser=0&hl=en&rclk=1,https://lh3.googleusercontent.com/gps-cs-s/AG0ilSzuXuLdR4WVWmJFfrNnm52dhpSLkK052kEQQUSblFMdfCLzjFIhwrkdOYI-sxocbO4zZdFdnu2BwiJ506Lmqvb-vb2cq88qyrtD-GfUY24I2KEOSe84xbHP_YZ8LkXToeDgqsCysQ=w80-h106-k-no
Peak Sandwiches (Hoole),Sandwich,Closes soon ⋅ 2:30 pm ⋅ Opens 8:30 am Thu,4.8,157,sandwich shops near me,2025-10-29 14:18:21.925745,https://www.google.com/maps/place/Peak+Sandwiches+%28Hoole%29/data=!4m7!3m6!1s0x487adde3d6de32f9:0x63b96923bb03a062!8m2!3d53.199282!4d-2.8746776!16s%2Fg%2F11pwwwjlhd!19sChIJ-TLe1uPdekgRYqADuyNpuWM?authuser=0&hl=en&rclk=1,https://lh3.googleusercontent.com/gps-cs-s/AG0ilSzcUmz5nCByBSCfpa5pLE-TVjxXo_ZSP5j69yG_tIf3wbXkyAPdFrM-__aeECGx9TdTrgR_zNTmoEKpPIgnG1pE4LS7p1KKfXH33XdDy8eZhIBXqu-mDtOSHr0bK3mh7dC0iU7QAQ=w122-h92-k-no
Mold Local Express,Convenience Store,Open ⋅ Closes 10:30 pm,5.0,3,sandwich shops near me,2025-10-29 14:18:22.025655,https://www.google.com/maps/place/Mold+Local+Express/data=!4m7!3m6!1s0x487adbd22d606177:0xfd7b1e3979cfdbfd!8m2!3d53.2150123!4d-3.0539898!16s%2Fg%2F11p5_n_b7c!19sChIJd2FgLdLbekgR_dvPeTkee_0?authuser=0&hl=en&rclk=1,https://lh3.googleusercontent.com/gps-cs-s/AG0ilSyYWXM1qFKNfYH2r4TNRiZjXpsNlDOnoS8eADM9djpmHBAU9cNFt72ZXW2m4tD4qvPtaw_DxwhmG66FVh1aO1brL4ytMfjSWvrpYZA77mbTWs0ckZVRiXB1Z8Jiuuy16fE8B_Dq=w80-h106-k-no
Hadyn,Sandwich,Closes soon ⋅ 3 pm ⋅ Opens 9:30 am Thu,5.0,9,sandwich shops near me,2025-10-29 14:18:22.104553,https://www.google.com/maps/place/Hadyn/data=!4m7!3m6!1s0x487acf9f89fa2733:0x8edbcf99f3730565!8m2!3d53.1678383!4d-3.1426076!16s%2Fg%2F11wvc8wfkq!19sChIJMyf6iZ_PekgRZQVz85nP244?authuser=0&hl=en&rclk=1,https://lh3.googleusercontent.com/p/AF1QipPn7OrlPhmVXtKz12Sh9eTw7njkfsTluGVztKs0=w122-h92-k-no
Hadyn,Sandwich,Closes soon ⋅ 3 pm ⋅ Opens 9:30 am Thu,5.0,9,sandwich shops near me,2025-10-29 14:18:22.210467,https://www.google.com/maps/place/Hadyn/data=!4m7!3m6!1s0x487acf9f89fa2733:0x8edbcf99f3730565!8m2!3d53.1678383!4d-3.1426076!16s%2Fg%2F11wvc8wfkq!19sChIJMyf6iZ_PekgRZQVz85nP244?authuser=0&hl=en&rclk=1,https://lh3.googleusercontent.com/p/AF1QipPn7OrlPhmVXtKz12Sh9eTw7njkfsTluGVztKs0=w122-h92-k-no
Shotton Lane Stores,Convenience Store, · 66a Shotton Ln,3.9,17,sandwich shops near me,2025-10-29 14:18:22.287045,https://www.google.com/maps/place/Shotton+Lane+Stores/data=!4m7!3m6!1s0x487adac72ed8716d:0x3732aa8e866a00c4!8m2!3d53.2084846!4d-3.0375538!16s%2Fg%2F1tyt4wwr!19sChIJbXHYLsfaekgRxABqho6qMjc?authuser=0&hl=en&rclk=1,https://streetviewpixels-pa.googleapis.com/v1/thumbnail?panoid=7iYOfEeGQEm-Qlya5vZZqA&cb_client=search.gws-prod.gps&w=80&h=92&yaw=332.03543&pitch=0&thumbfov=100
Sandwich Express (Cheshire) Ltd,Sandwich, · 26 Overpool Rd,4.1,50,sandwich shops near me,2025-10-29 14:18:22.358359,https://www.google.com/maps/place/Sandwich+Express+%28Cheshire%29+Ltd/data=!4m7!3m6!1s0x487ade66a566fc85:0x879a5c76e7a03505!8m2!3d53.2852749!4d-2.9241948!16s%2Fg%2F1wyc3wcq!19sChIJhfxmpWbeekgRBTWg53Zcmoc?authuser=0&hl=en&rclk=1,https://lh3.googleusercontent.com/p/AF1QipOtKwlCYtk0EF7zH6815fk5bLCogiyeP9lHDwJX=w122-h92-k-no
Beastie Baps,Mobile caterer,Closes soon ⋅ 3 pm ⋅ Opens 8 am Thu,5.0,9,sandwich shops near me,2025-10-29 14:18:22.442239,https://www.google.com/maps/place/Beastie+Baps/data=!4m7!3m6!1s0x487adbc4b07f437b:0x9c0f7a167a3fba69!8m2!3d53.2026143!4d-3.0073751!16s%2Fg%2F11jyk3vndh!19sChIJe0N_sMTbekgRabo_ehZ6D5w?authuser=0&hl=en&rclk=1,https://streetviewpixels-pa.googleapis.com/v1/thumbnail?panoid=602tR8n7TC-kZuYgR3tr9Q&cb_client=search.gws-prod.gps&w=80&h=92&yaw=198.60184&pitch=0&thumbfov=100
The Emporium,Deli, · 57 Five Ashes Rd,4.7,138,sandwich shops near me,2025-10-29 14:18:22.512023,https://www.google.com/maps/place/The+Emporium/data=!4m7!3m6!1s0x487ac3de620e7aaf:0xf058e3e962308a62!8m2!3d53.1723261!4d-2.9036278!16s%2Fg%2F11nwbk5dbs!19sChIJr3oOYt7DekgRYoowYunjWPA?authuser=0&hl=en&rclk=1,https://lh3.googleusercontent.com/p/AF1QipMW4MytSNqWSWDYLHYMewo9MpDBo6u2QljZTFgA=w101-h92-k-no
The Lunch Box,Sandwich,Closed ⋅ Opens 10 am Thu,4.6,27,sandwich shops near me,2025-10-29 14:18:22.577686,https://www.google.com/maps/place/The+Lunch+Box/data=!4m7!3m6!1s0x487ad0d91b71b1cb:0xbb1a8ff1513a748c!8m2!3d53.2488721!4d-3.1356554!16s%2Fg%2F1td7ymjb!19sChIJy7FxG9nQekgRjHQ6UfGPGrs?authuser=0&hl=en&rclk=1,https://lh3.googleusercontent.com/p/AF1QipOakWF13wRh1exmaAs0CZWVVCC9FZNn4XKG2FY-=w80-h106-k-no
Mold Local Express,Convenience Store,Open ⋅ Closes 10:30 pm,5.0,3,sandwich shops near me,2025-10-29 14:18:22.652825,https://www.google.com/maps/place/Mold+Local+Express/data=!4m7!3m6!1s0x487adbd22d606177:0xfd7b1e3979cfdbfd!8m2!3d53.2150123!4d-3.0539898!16s%2Fg%2F11p5_n_b7c!19sChIJd2FgLdLbekgR_dvPeTkee_0?authuser=0&hl=en&rclk=1,https://lh3.googleusercontent.com/gps-cs-s/AG0ilSyYWXM1qFKNfYH2r4TNRiZjXpsNlDOnoS8eADM9djpmHBAU9cNFt72ZXW2m4tD4qvPtaw_DxwhmG66FVh1aO1brL4ytMfjSWvrpYZA77mbTWs0ckZVRiXB1Z8Jiuuy16fE8B_Dq=w80-h106-k-no
Sandwich Box,Sandwich,Closes soon ⋅ 3 pm ⋅ Opens 11 am Thu,5.0,5,sandwich shops near me,2025-10-29 14:18:22.727647,https://www.google.com/maps/place/Sandwich+Box/data=!4m7!3m6!1s0x487acff6100666b5:0x4afac52f2314f30c!8m2!3d53.1664273!4d-3.1428305!16s%2Fg%2F11y6qth0rl!19sChIJtWYGEPbPekgRDPMUIy_F-ko?authuser=0&hl=en&rclk=1,https://lh3.googleusercontent.com/gps-cs-s/AG0ilSxbHBzpHDyx4EpWks5mt1lkbdVy-vcgKncwukeYj1pqKzVln8mFSWd4PWCSnfzXW2R5fq3NfI28GDTRq2Vx1vm5cn8In28LWh-lD1wZ3HsRh0SLhplmQklzaKpjThZgW45Urp9C2g=w122-h92-k-no
Forty Six,Cafe,Closes soon ⋅ 2:30 pm ⋅ Opens 9 am Thu,4.8,93,sandwich shops near me,2025-10-29 14:18:22.808113,https://www.google.com/maps/place/Forty+Six/data=!4m7!3m6!1s0x487add4bc5d3addb:0xd1065819fd6ef59e!8m2!3d53.1874454!4d-2.8904943!16s%2Fg%2F1td64vmf!19sChIJ263TxUvdekgRnvVu_RlYBtE?authuser=0&hl=en&rclk=1,https://lh3.googleusercontent.com/gps-cs-s/AG0ilSzqeZ6N5ebGQ2bnIq3t3h6sXWp_23K2XW1-ZZTDV6zZVkGb7dabrJjPfCs2lphqP6hJEjGW_4pbAY1M8PITV6v4_BRbMm5jx7MAEPzXnEAmo49oda9VN4oscPYcMOOJadBbYZKQIQ=w122-h92-k-no
Spoilt for Choice,Delicatessen,Open ⋅ Closes 4 pm,4.5,33,sandwich shops near me,2025-10-29 14:18:22.881254,https://www.google.com/maps/place/Spoilt+for+Choice/data=!4m7!3m6!1s0x487add4c9f9609bb:0x279f7a478bae1b91!8m2!3d53.1844953!4d-2.8878296!16s%2Fg%2F11bzsy11jh!19sChIJuwmWn0zdekgRkRuui0d6nyc?authuser=0&hl=en&rclk=1,https://lh3.googleusercontent.com/gps-cs-s/AG0ilSyEkh2G6xHtiaAkASUc8C0NRw8525kd0SxrIEd6Ilm3THShgoF86QyHKTIVewDoYcr2YYVUHfazAUPDvhsEx6XdiLvsV5tx1Lqk7JFenw-E5ukdn-ughez0LB4hPxv2YFArxoE=w80-h106-k-no
Butty In A Hurry,Sandwich,Closed ⋅ Opens 10 am Thu,4.8,81,sandwich shops near me,2025-10-29 14:18:22.952344,https://www.google.com/maps/place/Butty+In+A+Hurry/data=!4m7!3m6!1s0x487ade9221343671:0xe9a4654ff2297ab1!8m2!3d53.2843808!4d-2.9467968!16s%2Fg%2F11cjkmt886!19sChIJcTY0IZLeekgRsXop8k9lpOk?authuser=0&hl=en&rclk=1,https://lh3.googleusercontent.com/gps-cs-s/AG0ilSyYTqX9MWe3ZFPHDPvDK6nv3Rn_JAcORHcvdvjb6tDO9ToFq-nMl4VO3m-AO7l4JQ5RstSUmXBYuJIuaLG14IWkSbR--eaqSFnHvoywTSGNXZzOm6IKDM4qaAgvXcoMtefq-KGZiA=w80-h106-k-no
Armandos Italian Deli,Deli,Open ⋅ Closes 4 pm,4.8,34,sandwich shops near me,2025-10-29 14:18:23.023061,https://www.google.com/maps/place/Armandos+Italian+Deli/data=!4m7!3m6!1s0x487add3868013e2f:0xd58bfbbc5e836cd2!8m2!3d53.1957193!4d-2.8973481!16s%2Fg%2F11g7z9vbk2!19sChIJLz4BaDjdekgR0myDXrz7i9U?authuser=0&hl=en&rclk=1,https://lh3.googleusercontent.com/gps-cs-s/AG0ilSwypaIoEZ5CQYmX3GLognOSeS4Zkt7b21ouSWVC77XqKjURkfJy7Awdb_kltcsP8X4y48Qhr0ykMCsTIWj-hLaSlYJlkV0tmgQlPVw779KSY3i8swCHWNS_JsHgHrRSx-bpuDHt=w80-h142-k-no
Deli Marche & Costa,Coffee store," · 4BR, Kelsterton Rd",4.2,18,sandwich shops near me,2025-10-29 14:18:23.091717,https://www.google.com/maps/place/Deli+Marche+%26+Costa/data=!4m7!3m6!1s0x487ada7eb782a61d:0x1192f7be78b305f8!8m2!3d53.2262327!4d-3.0786653!16s%2Fg%2F11gbww1vzv!19sChIJHaaCt37aekgR-AWzeL73khE?authuser=0&hl=en&rclk=1,https://lh3.googleusercontent.com/gps-cs-s/AG0ilSzVbQidbzYscKFi4oCb52W2UNhiFPH1B9m8ZLG_Rr00mT4liljruwFtFvb-Wwn9qwhDAA7tksMDJvCZlsh1R-PUdrPRp0IFvuLsg6Rk2376J5e5ff_yfd6iEF7ubsBy9mnqJPe0=w145-h92-k-no
Sarnies,Sandwich,Closed ⋅ Opens 8:15 am Thu,4.8,27,sandwich shops near me,2025-10-29 14:18:23.155152,https://www.google.com/maps/place/Sarnies/data=!4m7!3m6!1s0x487add5c0156a3bf:0xfd0674d55d7e4e2!8m2!3d53.1998529!4d-2.8768667!16s%2Fg%2F1ptydl1kn!19sChIJv6NWAVzdekgR4uTXVU1n0A8?authuser=0&hl=en&rclk=1,https://lh3.googleusercontent.com/gps-cs-s/AG0ilSxA_Z0Ghg__tHCZwUsMTYLugwm_zb9fznN82fIokk6hPjSnoo9ga87ZiJiw14KKQRuF218BejmPoAgVKRQmDbTX4P3Tkd6Z3xk9mWHW-FarR5BoPEFBBDd2gdsyE63fZwJr5TXz=w80-h106-k-no
J D's Sandwich Bar,Restaurant, · 21 Chester Rd,4.1,62,sandwich shops near me,2025-10-29 14:18:23.218840,https://www.google.com/maps/place/J+D%27s+Sandwich+Bar/data=!4m7!3m6!1s0x487ade740bcd58b9:0xfd7cb3fbe002f143!8m2!3d53.274039!4d-2.909282!16s%2Fg%2F1tfkkqb4!19sChIJuVjNC3TeekgRQ_EC4PuzfP0?authuser=0&hl=en&rclk=1,https://lh3.googleusercontent.com/gps-cs-s/AG0ilSxa5K9OjXyuMi1DiInIJA52HA8n_moXwjjzEjKVaUaoqasCeEtB-ycmhYN_RT3nkV68sI3e5jqaxyWKgEX7R67XkUzVYw-FMQAbyJTTVNoWt5NhfYyRR8jmRNDHfML7ZMXdg2zj5g=w122-h92-k-no
Sandwiched Ltd,Sandwich,Closed ⋅ Opens 8 am Thu,4.5,24,sandwich shops near me,2025-10-29 14:18:23.284074,https://www.google.com/maps/place/Sandwiched+Ltd/data=!4m7!3m6!1s0x487ad0d91fce6867:0x71f43c27020f2629!8m2!3d53.2484402!4d-3.1359675!16s%2Fg%2F1tdfy7sr!19sChIJZ2jOH9nQekgRKSYPAic89HE?authuser=0&hl=en&rclk=1,https://lh3.googleusercontent.com/gps-cs-s/AG0ilSxx0yB9g_qc05U24gLuGXOCImrfo6XP1dh8PNRSpBnivmBZCG7fyNynizEAgBQs3j2eIRh8_Wsnx-aEqUD7TRn1AbuxpDvmNjlMd3IV5wqtXU1YfKBgK-Yukutye-vR_8n1-8iveCnTi3Hk=w80-h106-k-no
Street Eats Food Limited,Food products supplier,Open ⋅ Closes 5 pm,3.4,27,sandwich shops near me,2025-10-29 14:18:23.355358,https://www.google.com/maps/place/Street+Eats+Food+Limited/data=!4m7!3m6!1s0x487adb437cee62a3:0x5d6850ad74a0669a!8m2!3d53.1970901!4d-2.990555!16s%2Fg%2F1tfmhbqg!19sChIJo2LufEPbekgRmmagdK1QaF0?authuser=0&hl=en&rclk=1,https://lh3.googleusercontent.com/gps-cs-s/AG0ilSwgRjrOYa6QMvRw2eLX03VXECRSabmhsmh2Oyn3uh4ntw4jAutlNeoCTbHHMSWRjFEJirBtUizBxee3_pDWEobnP75va12XGAdtK2xN6L4hqDNuCmSg6HMqlTFtvVHuBDpVp9fTXA=w80-h120-k-no
Tesco Express,Supermarket," · 77, 81 High St",3.8,21,sandwich shops near me,2025-10-29 14:18:23.438044,https://www.google.com/maps/place/Tesco+Express/data=!4m7!3m6!1s0x487adbde0da8d4b9:0x2eb7fc3b6315490b!8m2!3d53.215296!4d-3.047987!16s%2Fg%2F11j2xrwpb0!19sChIJudSoDd7bekgRC0kVYzv8ty4?authuser=0&hl=en&rclk=1,https://lh3.googleusercontent.com/gps-cs-s/AG0ilSzaJDo93gBE7UidwmuX9dw0AmOlJLO07fhVWo8Kf7Vo0g5MV6_ySwOHsLAYFIgAV-NdXEYRr6CY4agLgfL0NEreuJ26_K93hmv7wUqSvoBvnyLbMkcuYEaA5VMZD_wP2ZhFZdCsrg=w122-h92-k-no
ZONE 1 CAFE,Cafe," · Parkway Business Centre Deeside Industrial Park, Unit C1, zone 1, Evans Easyspace",4.8,23,sandwich shops near me,2025-10-29 14:18:23.525559,https://www.google.com/maps/place/ZONE+1+CAFE/data=!4m7!3m6!1s0x487adb0e2e0d2a53:0xe70566f4e2a4e29e!8m2!3d53.2260324!4d-2.9993389!16s%2Fg%2F11kk12nnvw!19sChIJUyoNLg7bekgRnuKk4vRmBec?authuser=0&hl=en&rclk=1,https://lh3.googleusercontent.com/gps-cs-s/AG0ilSwITe-eGbUNjstW0YSRXb6wmtoOrrIGi_eN03i0yg-bAQsgxX_SchbZv7ziJBvEkTYVKxK-ETFXPxj_cRCwbcsWnVt6dSMB5yOqDsh2w2HF4ZZfIghffkH3PJFHSaSuQwODDDvAyA=w122-h92-k-no
Spuds 4 U Chester,Cafe,Open ⋅ Closes 6 pm,4.8,155,sandwich shops near me,2025-10-29 14:18:23.676526,https://www.google.com/maps/place/Spuds+4+U+Chester/data=!4m7!3m6!1s0x487add0079600003:0x8df1931ceec69485!8m2!3d53.1913!4d-2.8904742!16s%2Fg%2F11w8h59pfw!19sChIJAwBgeQDdekgRhZTG7hyT8Y0?authuser=0&hl=en&rclk=1,https://lh3.googleusercontent.com/p/AF1QipNtbekokoC8v9ktd8LbOoLbYwJAp5TutpT4L2Ov=w163-h92-k-no
Meanay's Cafe,Cafe,Closes soon ⋅ 2:30 pm ⋅ Opens 8 am Thu,4.7,207,sandwich shops near me,2025-10-29 14:18:23.743103,https://www.google.com/maps/place/Meanay%27s+Cafe/data=!4m7!3m6!1s0x487ade8e02c81b83:0x524beeebd8f3eb41!8m2!3d53.2835176!4d-2.9445673!16s%2Fg%2F1thxvrs8!19sChIJgxvIAo7eekgRQevz2OvuS1I?authuser=0&hl=en&rclk=1,https://lh3.googleusercontent.com/gps-cs-s/AG0ilSwlB5KWyNynwE7tm61Q8yI7SyuVkmOUDyixKA7mkG1D66TVYopjj2LBD4TgyeH4lGDuiJ5RyBFIPZMt9eN_ja46R2MLiI5FrhcD2OjBlT0hd9u6Kjg-0dEWxFf8kDHoSDt4liCG7Q=w122-h92-k-no
Brook Street Cafe & Bistro,Sandwich, · 71 Brook St,4.3,492,sandwich shops near me,2025-10-29 14:18:23.820897,https://www.google.com/maps/place/Brook+Street+Cafe+%26+Bistro/data=!4m7!3m6!1s0x487add459f1cd8cd:0x4e59cacdf0f42c4c!8m2!3d53.1952576!4d-2.8860881!16s%2Fg%2F1t_tjv3t!19sChIJzdgcn0XdekgRTCz08M3KWU4?authuser=0&hl=en&rclk=1,https://lh3.googleusercontent.com/gps-cs-s/AG0ilSxnlGVCv-zlVw2CxWKZkL0OnB07vfbJ2l8e2R77qm1XEHjHex5-dmFBiAqTo3DgKzz07dKFvhNl6jP9mKE4y8cEjqlazknt1HEV_iHJprFnSXZI2KzD4hZN2-cmpw9s9P66hUd8=w163-h92-k-no
Co-op Food - Aston - Central Drive,Convenience Store, · 21-23 Central Dr,4.7,22,sandwich shops near me,2025-10-29 14:18:23.889683,https://www.google.com/maps/place/Co-op+Food+-+Aston+-+Central+Drive/data=!4m7!3m6!1s0x487adae7005a63c5:0x13d66cf4b1695895!8m2!3d53.2036512!4d-3.0382696!16s%2Fg%2F1tgdhj9m!19sChIJxWNaAOfaekgRlVhpsfRs1hM?authuser=0&hl=en&rclk=1,https://lh3.googleusercontent.com/gps-cs-s/AG0ilSzH0IKCLFkAhHJGncs98XDDxqWdIWIWQ8R04lKpGRnMPr0umSuPFS0HxZdWBvsfXDmSKbAsbN17OjSpZ4wtiCmvriZs83uQeFE5JNFko82UhvgCauacSaqt4Gq8mBZ6WZwEYgmXrw=w162-h92-k-no
The York Roast Co.,Sandwich, · 15 Bridge St,3.8,633,sandwich shops near me,2025-10-29 14:18:23.961501,https://www.google.com/maps/place/The+York+Roast+Co./data=!4m7!3m6!1s0x487add490b7460b7:0x1896422997321d73!8m2!3d53.1899185!4d-2.8912192!16s%2Fg%2F1hd_90f62!19sChIJt2B0C0ndekgRcx0ylylClhg?authuser=0&hl=en&rclk=1,https://lh3.googleusercontent.com/p/AF1QipONg-if5uIXqdt0eWFpQ6XjWMhJTenetDTF9DGu=w147-h92-k-no
Susan's Coffee Shop,Coffee shop," · Drury Farm, 76 Drury Ln",4.6,580,sandwich shops near me,2025-10-29 14:18:24.028868,https://www.google.com/maps/place/Susan%27s+Coffee+Shop/data=!4m7!3m6!1s0x487ac54946102bd3:0x65fc66cbd4d37d13!8m2!3d53.1718456!4d-3.0564899!16s%2Fg%2F11cjhz0tgy!19sChIJ0ysQRknFekgRE33T1Mtm_GU?authuser=0&hl=en&rclk=1,https://lh3.googleusercontent.com/gps-cs-s/AG0ilSwYc7QFn_RB5K1cicT5MKYVflNltz0wB6kKYljKebN8vGydRHexB8zOI5TYqOC4q4GcD4UROnpp75AGV6CcPZNs4h_SCTgHZ-FaQaHKahtbUo1A0VsUCZNC7MaEN5w5RY8kyimU=w122-h92-k-no
Victoria's Sandwich Artisan Bakery,Bakery,,4.4,29,sandwich shops near me,2025-10-29 14:18:24.090984,https://www.google.com/maps/place/Victoria%27s+Sandwich+Artisan+Bakery/data=!4m7!3m6!1s0x487ad93ebe6ab2e9:0x9e3f89665a372743!8m2!3d53.2923498!4d-3.007567!16s%2Fg%2F11qg2bs0nr!19sChIJ6bJqvj7ZekgRQyc3WmaJP54?authuser=0&hl=en&rclk=1,https://lh3.googleusercontent.com/p/AF1QipO2Ak9kBdUQzpGpPxzk0CkAY2sXgAgmzE5UtgXV=w122-h92-k-no
Ambia Indian and Bangladeshi Takeaway,Takeaway,Closed ⋅ Opens 5 pm,4.0,92,sandwich shops near me,2025-10-29 14:18:24.167231,https://www.google.com/maps/place/Ambia+Indian+and+Bangladeshi+Takeaway/data=!4m7!3m6!1s0x487adb1ea714383d:0x6f8a0ffeb5dcc40a!8m2!3d53.2066286!4d-3.0232888!16s%2Fg%2F1v5frfp1!19sChIJPTgUpx7bekgRCsTctf4Pim8?authuser=0&hl=en&rclk=1,https://lh3.googleusercontent.com/p/AF1QipOgx3XkOAyWOihmT2kmvvs-uxxMRwPi97Q-1xqQ=w122-h92-k-no
The Cafe at The Walls,Sandwich," · 13, Bridge Place, Lower Bridge St",4.3,242,sandwich shops near me,2025-10-29 14:18:24.244379,https://www.google.com/maps/place/The+Cafe+at+The+Walls/data=!4m7!3m6!1s0x487add4b90699e1d:0x73a3e9e662166b33!8m2!3d53.1863047!4d-2.8890231!16s%2Fg%2F1tplpvw9!19sChIJHZ5pkEvdekgRM2sWYubpo3M?authuser=0&hl=en&rclk=1,https://lh3.googleusercontent.com/gps-cs-s/AG0ilSy95wytfCGVnfBnYowo8QhkyWRJFyZWGe4iWuZp26jpid9T-lZJhUj9qhI3SIEGXo2Tx84_SUSGAcih3-oRa_RqS02KJJIJUNsS_WPytVsgHPbASZ4yEFk4644deOKSr6buRpE=w122-h92-k-no
Tasters Delicatessen,Deli,Open ⋅ Closes 4 pm,3.0,4,sandwich shops near me,2025-10-29 14:18:24.319122,https://www.google.com/maps/place/Tasters+Delicatessen/data=!4m7!3m6!1s0x487ace2ffeb5578d:0x868a4e658d58c6c7!8m2!3d53.1670324!4d-3.142803!16s%2Fg%2F1thw1pnp!19sChIJjVe1_i_OekgRx8ZYjWVOioY?authuser=0&hl=en&rclk=1,https://lh3.googleusercontent.com/gps-cs-s/AG0ilSxwAt7zO8YEtG1TR2qJ0J0VVztUwv6LiLMi7HbezSOuIqtDG2xgGzmrOPBTrRGzZu022TY1O175QNLKNbjRBAKObrCpFdclMA00VroCQEFpC16fJiYsOIbJTxv7HlTS3COkKex_xA=w80-h106-k-no
Smash Box Chester,Fast food, · 2 The Parade,4.3,35,sandwich shops near me,2025-10-29 14:18:24.400686,https://www.google.com/maps/place/Smash+Box+Chester/data=!4m7!3m6!1s0x487adce193c0c2d5:0x5d59402168006bcb!8m2!3d53.2083456!4d-2.9250161!16s%2Fg%2F11clhrkjh7!19sChIJ1cLAk-HcekgRy2sAaCFAWV0?authuser=0&hl=en&rclk=1,https://lh3.googleusercontent.com/p/AF1QipMLg0YqzifhQzP2qafQ1zROkzapYhCdI6ImooQG=w129-h92-k-no
Eastham Village Delicatessens,Sandwich, · 82 Eastham Village Rd,4.5,73,sandwich shops near me,2025-10-29 14:18:24.484489,https://www.google.com/maps/place/Eastham+Village+Delicatessens/data=!4m7!3m6!1s0x487adf1f6433d6c3:0xd455176a198a7e7c!8m2!3d53.3143243!4d-2.9608237!16s%2Fg%2F1tdy_hfs!19sChIJw9YzZB_fekgRfH6KGWoXVdQ?authuser=0&hl=en&rclk=1,https://lh3.googleusercontent.com/gps-cs-s/AG0ilSz7VxBwnr-_PkAbxsQTAtZ_dQ1F-L-1ZoAzxdPthbHgJmMTzElocxOcI9Ex4JOGqWC4ml0rW759vawxnnUqA8rBTtjTKFJFgPxr4mYCYd96pI6-i_VKsf05_02M3c3wEUvfgKFr=w80-h142-k-no
Pret A Manger,Sandwich, · 21-23 Northgate St,4.3,442,sandwich shops near me,2025-10-29 14:18:24.563828,https://www.google.com/maps/place/Pret+A+Manger/data=!4m7!3m6!1s0x487add48fe2a74e7:0x8b06dc5bda30640e!8m2!3d53.191165!4d-2.8917737!16s%2Fg%2F1tv23pkw!19sChIJ53Qq_kjdekgRDmQw2lvcBos?authuser=0&hl=en&rclk=1,https://lh3.googleusercontent.com/gps-cs-s/AG0ilSyZ9PYn0W9KT7KvFotvwkd6uksBaZc7-DM2uQaCRk6VW4c8a8prggws3us1Rd3tHCJ33Vxo47HXhU8VtlENir3zyK9B8u1a3uK6DjbyWmE4K-SZW-2ysPqRAZN5XvmFE0mnGX19=w92-h92-k-no
At The Lunch Junction,Sandwich,Open ⋅ Closes 9:30 pm,4.7,71,sandwich shops near me,2025-10-29 14:18:24.630585,https://www.google.com/maps/place/At+The+Lunch+Junction/data=!4m7!3m6!1s0x487ac5c157b280c1:0x5a9f816de5b3814e!8m2!3d53.1095597!4d-3.0383724!16s%2Fg%2F1vnnhy9_!19sChIJwYCyV8HFekgRToGz5W2Bn1o?authuser=0&hl=en&rclk=1,https://lh3.googleusercontent.com/p/AF1QipOn_AKxXVUC_OYlzb1pjvaXVWCkWFDuj_vbisPU=w80-h106-k-no
Coppermine Creamery,Sandwich, · 14 Chester Rd,4.7,88,sandwich shops near me,2025-10-29 14:18:24.706123,https://www.google.com/maps/place/Coppermine+Creamery/data=!4m7!3m6!1s0x487ade741caceda3:0xb28736fbeee6bc25!8m2!3d53.2735746!4d-2.9102802!16s%2Fg%2F1t_tjv3_!19sChIJo-2sHHTeekgRJbzm7vs2h7I?authuser=0&hl=en&rclk=1,https://lh3.googleusercontent.com/p/AF1QipMS6yIsw4in4OPVrpglcrYedDahczN5ryr1uq11=w122-h92-k-no
McDonald's,Fast food, · Aston Rd,3.4,709,sandwich shops near me,2025-10-29 14:18:24.779560,https://www.google.com/maps/place/McDonald%27s/data=!4m7!3m6!1s0x487adb8b4291503b:0x76a3c94c975370a!8m2!3d53.2049073!4d-3.0294466!16s%2Fg%2F1v9gjjmq!19sChIJO1CRQovbekgRCjd1yZQ8agc?authuser=0&hl=en&rclk=1,https://lh3.googleusercontent.com/gps-cs-s/AG0ilSwhko2eNQB87LV4cT76Vt8QdOdMtapYuOAzTNBFJAFdaL4M-xNCmhPz_3hgitjH6Bw6x6QhMGsYZ2cS933DZwwWpM4eHA_x9HuHUxz0Pjj6maX3eZ0uQElEE4IdX3nCQxeUZ2Vswg=w80-h106-k-no
Ring O' Bells,Sandwich, · Village Rd,4.5,1273,sandwich shops near me,2025-10-29 14:18:24.848848,https://www.google.com/maps/place/Ring+O%27+Bells/data=!4m7!3m6!1s0x487ae875f51d00f9:0x7dafe5f017e5ad69!8m2!3d53.184605!4d-2.8376772!16s%2Fg%2F1tf813s2!19sChIJ-QAd9XXoekgRaa3lF_Dlr30?authuser=0&hl=en&rclk=1,https://lh3.googleusercontent.com/gps-cs-s/AG0ilSy6hDT76NvnBgVR8Met70bo7nLphgV5tDXs1tSCBgY4JLr0bly911nqzRv9nCU0PY1-rTIRUHAd6PkFyjXoCnmWswV2RuBUG9fFgkJCt6b4uixCfUTci2dzL7IH-ME8fwNzIrWZ=w122-h92-k-no
EWLOE KEBAB AND PIZZA HOUSE,Restaurant,Closed ⋅ Opens 4 pm,3.8,183,sandwich shops near me,2025-10-29 14:18:24.936490,https://www.google.com/maps/place/EWLOE+KEBAB+AND+PIZZA+HOUSE/data=!4m7!3m6!1s0x487adab8f30a824b:0x8898d6553afce621!8m2!3d53.1927821!4d-3.0556617!16s%2Fg%2F11f3xh03jy!19sChIJS4IK87jaekgRIeb8OlXWmIg?authuser=0&hl=en&rclk=1,https://lh3.googleusercontent.com/gps-cs-s/AG0ilSyqWceo7fAbEZsuQjA8MGqUCBZJhlc-wbMdN53N6pmyw-2U4C1REyMIWasas34Qy28BPUWgQ_WY9RwEU-Lwlua-e0BfDDV5ZzBpZMFFg9LmjXsvUa0ieb0wD6PZhr8mNJJKHJYa=w80-h106-k-no
Subway,Sandwich," · Red Ensign, Parkgate Rd",3.7,63,sandwich shops near me,2025-10-29 14:18:25.068146,https://www.google.com/maps/place/Subway/data=!4m7!3m6!1s0x487adc43c9b6a035:0xa4094f63b8ee8802!8m2!3d53.2393385!4d-2.9498345!16s%2Fg%2F11b88jgvk4!19sChIJNaC2yUPcekgRAojuuGNPCaQ?authuser=0&hl=en&rclk=1,https://lh3.googleusercontent.com/p/AF1QipNfm07K13LICiLKq_SCAiBxkBkxDlFHvllm7OIm=w92-h92-k-no
Subway,Sandwich, · 10 Chester St,4.2,149,sandwich shops near me,2025-10-29 14:18:25.197214,https://www.google.com/maps/place/Subway/data=!4m7!3m6!1s0x487ad0d96355f261:0xd080aa03d5bd30d7!8m2!3d53.249041!4d-3.1331766!16s%2Fg%2F1vqtg9_8!19sChIJYfJVY9nQekgR1zC91QOqgNA?authuser=0&hl=en&rclk=1,https://lh3.googleusercontent.com/p/AF1QipOhRSbspqG7NW87oJ0Spiy0-O2zfO_RCeA_Ocb2=w92-h92-k-no
Hawarden Estate Farm Shop,Farm shop, · Chester Rd,4.0,724,sandwich shops near me,2025-10-29 14:18:25.300302,https://www.google.com/maps/place/Hawarden+Estate+Farm+Shop/data=!4m7!3m6!1s0x487adb32ad5a15a7:0x75578734a91c973b!8m2!3d53.1801116!4d-3.0115365!16s%2Fg%2F1tdfbn6d!19sChIJpxVarTLbekgRO5ccqTSHV3U?authuser=0&hl=en&rclk=1,https://lh3.googleusercontent.com/gps-cs-s/AG0ilSyk84wcU4TJpjeRBrwM2LyrlRZiKmwubHbNO9BBE2nU0zoonZqq-2BO21mLLlFUsYcZKZWNsmpHWymIDXSZJD0Vi__7-jlnlAI0ydd7daQGmYjHXRy33H5z7PfipEaWkX-dgz0U=w122-h92-k-no
Pret A Manger,Sandwich," · Unit 100, Kinsey Rd, Cheshire Oaks Designer Outlet",4.1,859,sandwich shops near me,2025-10-29 14:18:25.421005,https://www.google.com/maps/place/Pret+A+Manger/data=!4m7!3m6!1s0x487addff22a70687:0x7c39ed91e70b27e5!8m2!3d53.2657744!4d-2.8791593!16s%2Fg%2F1tjjnxk9!19sChIJhwanIv_dekgR5ScL55HtOXw?authuser=0&hl=en&rclk=1,https://lh3.googleusercontent.com/gps-cs-s/AG0ilSwvBPVQZyqcdrmgxZjTP1_weO0KI8wdIkKZGpk_xHDGl8MVbqr4GeXZo2hG-Gx6LglgAH_RyvgMqjHIs1i7m6zm4q5Z1mi8imq9OmrYNnUyDmZbQoG5M4_1HtV4kS-sk1ChLgvgfA=w122-h92-k-no
Katie's Tea Rooms,Sandwich, · 38 Watergate St,4.4,425,sandwich shops near me,2025-10-29 14:18:25.519715,https://www.google.com/maps/place/Katie%27s+Tea+Rooms/data=!4m7!3m6!1s0x487add49b935ed6f:0x7eeb82d3ed273242!8m2!3d53.1901308!4d-2.8932724!16s%2Fg%2F1tksmx8j!19sChIJb-01uUndekgRQjIn7dOC634?authuser=0&hl=en&rclk=1,https://lh3.googleusercontent.com/gps-cs-s/AG0ilSw2_oinM-ziOXWERhf-_igbP_m64vmdOwUe8wJ4IQhi5GQ82QczD1F5A-ExDl34iS1p0E8mww9Tu2lkwSLc9unYcTZ8wqKzqF1ayRub0zdAazB2NLzdyDbq6TgaChKwPREasGzg=w80-h106-k-no
M&S Foodhall,Sandwich, · Chester Rd,4.3,577,sandwich shops near me,2025-10-29 14:18:25.963917,https://www.google.com/maps/place/M%26S+Foodhall/data=!4m7!3m6!1s0x487ac4a7b0075e79:0x3c01d406782e9e40!8m2!3d53.1690783!4d-2.972338!16s%2Fg%2F11bx5tvhpy!19sChIJeV4HsKfEekgRQJ4ueAbUATw?authuser=0&hl=en&rclk=1,https://lh3.googleusercontent.com/p/AF1QipM46AmN1uceXVWJqPplD5QQM-GlfWsL87cNej6j=w130-h92-k-no
GAIL's Bakery Chester,Sandwich, · 20 Bridge St,4.0,143,sandwich shops near me,2025-10-29 14:18:26.040849,https://www.google.com/maps/place/GAIL%27s+Bakery+Chester/data=!4m7!3m6!1s0x487add296a6d289b:0xaf9d25e4cee96380!8m2!3d53.1897914!4d-2.8916401!16s%2Fg%2F11vz12tvb1!19sChIJmyhtaindekgRgGPpzuQlna8?authuser=0&hl=en&rclk=1,https://lh3.googleusercontent.com/p/AF1QipMR37MPh_j3ywPOK8cis22cbyG6OA0lOMFByVGY=w80-h120-k-no
Subway,Sandwich, · 11 High St,4.1,133,sandwich shops near me,2025-10-29 14:18:26.120209,https://www.google.com/maps/place/Subway/data=!4m7!3m6!1s0x487ace2fc02902dd:0xb179f124f591e7f7!8m2!3d53.1671926!4d-3.1414529!16s%2Fg%2F1v_z3w9c!19sChIJ3QIpwC_OekgR9-eR9STxebE?authuser=0&hl=en&rclk=1,https://lh3.googleusercontent.com/p/AF1QipNUJqZhkwm7870upnu_5mnKUd3uW9gT3jbQstLs=w92-h92-k-no
Savoy Catering,Caterer,Closed ⋅ Opens 8 am Thu,4.7,29,sandwich shops near me,2025-10-29 14:18:26.198859,https://www.google.com/maps/place/Savoy+Catering/data=!4m7!3m6!1s0x487ad43b4d6092dd:0xf321812ae45fc71d!8m2!3d53.2886211!4d-3.2105208!16s%2Fg%2F1tdyf4vr!19sChIJ3ZJgTTvUekgRHcdf5CqBIfM?authuser=0&hl=en&rclk=1,https://lh3.googleusercontent.com/gps-cs-s/AG0ilSyCq1UpFfzyMj_HfnT4DtmvtPowKIRW6Ag6eBpOKxf5Ct4zb4ql5hLwSZwnMLPzvyielD639vlphSAplfKygGyGuEa2Ne6ZMdP6l0kFV9x5HI7ifqHAFCd8IKjevNCB9eHPQTHWAw=w122-h92-k-no
Subway,Sandwich, · 84 Northgate St,3.8,312,sandwich shops near me,2025-10-29 14:18:26.279709,https://www.google.com/maps/place/Subway/data=!4m7!3m6!1s0x487add48615c45a5:0x2cfd1c32d0a28742!8m2!3d53.1927017!4d-2.8924661!16s%2Fg%2F1v2yydg9!19sChIJpUVcYUjdekgRQoei0DIc_Sw?authuser=0&hl=en&rclk=1,https://lh3.googleusercontent.com/p/AF1QipNqcg84UCdr9yZ-lgi7jwNTbnZyznIoB3yZ8R_Q=w92-h92-k-no
Poundbakery,Sandwich, · 21 Marina Dr,4.0,35,sandwich shops near me,2025-10-29 14:18:26.415243,https://www.google.com/maps/place/Poundbakery/data=!4m7!3m6!1s0x487ade0d9edc09b5:0x905f04036cec70c7!8m2!3d53.27873!4d-2.9008054!16s%2Fg%2F11gh8mvclq!19sChIJtQncng3eekgRx3DsbAMEX5A?authuser=0&hl=en&rclk=1,https://lh3.googleusercontent.com/gps-cs-s/AG0ilSzpP6NlGIgOpuOWXsuDo-3i37IBupxaUpgezaAoeyrfLiBqXaSmzl0xe3jxcEzMzMdqLh2Sic-SHWpJTC0szTaNiG8nWKGSGGwO4CP9YsWIij279OZvbeg_9f48sAwCehvcFag9=w163-h92-k-no
GAIL's Bakery Cheshire Oaks,Sandwich," · Unit 5F, Cheshire Oaks Designer Outlet Village Kinsey Rd",4.0,167,sandwich shops near me,2025-10-29 14:18:26.525878,https://www.google.com/maps/place/GAIL%27s+Bakery+Cheshire+Oaks/data=!4m7!3m6!1s0x487addf3b0be5093:0xdfe1bb1047b6d0a8!8m2!3d53.2654646!4d-2.8818502!16s%2Fg%2F11whp_w5fs!19sChIJk1C-sPPdekgRqNC2RxC74d8?authuser=0&hl=en&rclk=1,https://lh3.googleusercontent.com/p/AF1QipOMd2zt87kY5lGvfO7WIudNNX6xST_CyPalCKs4=w80-h120-k-no
Poundbakery,Sandwich, · 13 Bridge St,4.0,52,sandwich shops near me,2025-10-29 14:18:26.602861,https://www.google.com/maps/place/Poundbakery/data=!4m7!3m6!1s0x487add497186a0df:0x125fabef24e0df6c!8m2!3d53.1899669!4d-2.89135!16s%2Fg%2F1tks5vxt!19sChIJ36CGcUndekgRbN_gJO-rXxI?authuser=0&hl=en&rclk=1,https://lh3.googleusercontent.com/gps-cs-s/AG0ilSz4C6NMPaKVJFt-3tVw6XxAAQy-4bXWEZogNT4SWoSv29-k1xtqJw0jlvG5ZrbfxSQ8fhBhsc71msAClizQM4AYd8JADKerqId2Etq5wamnNbqoIaVhtSqgCrKz8x2yWL837fDW=w122-h92-k-no
Greggs,Bakery," · Deeside Industrial Park ch5 2ny, Zone 2 Parkway",4.0,85,sandwich shops near me,2025-10-29 14:18:26.682701,https://www.google.com/maps/place/Greggs/data=!4m7!3m6!1s0x487adba29f27fad7:0x3795e26a9eaea13f!8m2!3d53.2326312!4d-3.0055036!16s%2Fg%2F11ggs6kj3d!19sChIJ1_onn6LbekgRP6GunmrilTc?authuser=0&hl=en&rclk=1,https://lh3.googleusercontent.com/p/AF1QipMY7WYTk-Zp-LXoDmIF2pZfC_tHa_VQQWG4awvW=w92-h92-k-no
"The Range, Queensferry",Homewares Shop," · Deeside Retail Park, Chester Rd W",4.3,2726,sandwich shops near me,2025-10-29 14:18:26.765905,"https://www.google.com/maps/place/The+Range,+Queensferry/data=!4m7!3m6!1s0x487adae2fb6d3351:0xf156956b6c71e27c!8m2!3d53.2095058!4d-3.0289308!16s%2Fg%2F11cs5g6q5n!19sChIJUTNt--LaekgRfOJxbGuVVvE?authuser=0&hl=en&rclk=1",https://lh3.googleusercontent.com/p/AF1QipMKI0nqgx6R6JKBvU8DxfrC863lXhltDxCASrsG=w122-h92-k-no
Poundbakery,Sandwich, · 6 High St,3.6,36,sandwich shops near me,2025-10-29 14:18:26.923335,https://www.google.com/maps/place/Poundbakery/data=!4m7!3m6!1s0x487ace2feceaf2a1:0xc01674cb3da221cd!8m2!3d53.166968!4d-3.1417969!16s%2Fg%2F1tkp4j06!19sChIJofLq7C_OekgRzSGiPct0FsA?authuser=0&hl=en&rclk=1,https://lh3.googleusercontent.com/gps-cs-s/AG0ilSwzpX851a_ObiUuLCfJTbGgK6HSIJz9VMKAMR2jVjQfREcCVkp5rQ-CyPBSgzCW4xvByI00KZUyNp8x4ubV_FgbHgZWhcDoAs8Wraujjz4az5hEesNvpPp-merQz7J5j6izuadPGw=w80-h106-k-no
Subway,Sandwich, · 118 Foregate St,3.7,288,sandwich shops near me,2025-10-29 14:18:27.143857,https://www.google.com/maps/place/Subway/data=!4m7!3m6!1s0x487add4fce6249f7:0x868de0f777a1367a!8m2!3d53.1916654!4d-2.8831851!16s%2Fg%2F1tmql9xr!19sChIJ90lizk_dekgRejahd_fgjYY?authuser=0&hl=en&rclk=1,https://lh3.googleusercontent.com/p/AF1QipNwaoyzmckpHH3i7x5eqIBa0Znjm4gV4yDlJcoO=w92-h92-k-no
DEREK’S Coffee & Sandwiches,Sandwich, · 44 Berry St,4.8,122,sandwich shops near me,2025-10-29 14:18:27.375186,https://www.google.com/maps/place/DEREK%E2%80%99S+Coffee+%26+Sandwiches/data=!4m7!3m6!1s0x487b212850f571e5:0xbe77b06751ae760e!8m2!3d53.4005817!4d-2.9763884!16s%2Fg%2F11wqfffg0_!19sChIJ5XH1UCghe0gRDnauUWewd74?authuser=0&hl=en&rclk=1,https://lh3.googleusercontent.com/p/AF1QipNgkrFdxdcNUaRhU792oyRbRm7SgWWWcX_gTJqz=w80-h100-k-no
Starbucks Coffee,Sandwich, · St David's Park,3.8,82,sandwich shops near me,2025-10-29 14:18:27.567617,https://www.google.com/maps/place/Starbucks+Coffee/data=!4m7!3m6!1s0x487adac7f847d983:0x989b6fff8a12d0f3!8m2!3d53.19028!4d-3.05339!16s%2Fg%2F11b7v21tvb!19sChIJg9lH-MfaekgR89ASiv9vm5g?authuser=0&hl=en&rclk=1,https://lh3.googleusercontent.com/gps-cs-s/AG0ilSzlLrYJ09DTf-Kiy48CO-PsLPRUXCkEB1CvgNBAVeAApoHX4ppBPesj6wPWSb4d6FVOGqSeuw97q3fAefMVp8mXTLgI42cxWXd8OSOC17e2ztEYvYp8Uxkp58Bvf1r09TT8Ojw4NQ=w80-h106-k-no
The Holt Road Sandwich Shop,Sandwich,Open ⋅ Closes 3:20 pm,4.6,60,sandwich shops near me,2025-10-29 14:18:27.662975,https://www.google.com/maps/place/The+Holt+Road+Sandwich+Shop/data=!4m7!3m6!1s0x487b210863db87a9:0xb6e7ad9c66431750!8m2!3d53.4100523!4d-2.9480241!16s%2Fg%2F1tvm295s!19sChIJqYfbYwghe0gRUBdDZpyt57Y?authuser=0&hl=en&rclk=1,https://lh3.googleusercontent.com/gps-cs-s/AG0ilSxCe9UHPU8DPY_Z1ZLOZjiDxpk8oB19z8UT8dJpBZJFs--_KlrdaGDtoN7v61nIdTDYNBwfjnCoNIOJ4BfMNlNDo6W0P03DvkdWHNx52v2lr9t6UJE-NJlvs06CCiq4Ji5ZxmOZ=w122-h92-k-no
Esposito's Deli,Sandwich, · 81 Highlands Rd,4.5,642,sandwich shops near me,2025-10-29 14:18:27.754529,https://www.google.com/maps/place/Esposito%27s+Deli/data=!4m7!3m6!1s0x487ae245238da827:0x40de490efb8cff9!8m2!3d53.3291126!4d-2.7393743!16s%2Fg%2F11c1xdhcz5!19sChIJJ6iNI0XiekgR-c-475DkDQQ?authuser=0&hl=en&rclk=1,https://lh3.googleusercontent.com/p/AF1QipOyKnJ3GHHgzP8tbs_ySJeHLq1lp7c2iSyVVbEc=w138-h92-k-no
Subway,Sandwich," · Port Arcades, 39 Marina Drive The",3.9,126,sandwich shops near me,2025-10-29 14:18:27.840057,https://www.google.com/maps/place/Subway/data=!4m7!3m6!1s0x487ade0d0cbb1481:0x2846cc72fafd752e!8m2!3d53.2781412!4d-2.9018772!16s%2Fg%2F1jkxpwy7m!19sChIJgRS7DA3eekgRLnX9-nLMRig?authuser=0&hl=en&rclk=1,https://lh3.googleusercontent.com/p/AF1QipOsUjwnEcYvyAFwq476CVCgY4OP7WNzaf5604Ww=w92-h92-k-no
The Galley,Sandwich, · 54 Duke St,4.8,122,sandwich shops near me,2025-10-29 14:18:27.915830,https://www.google.com/maps/place/The+Galley/data=!4m7!3m6!1s0x487b26fcb3a946cf:0x18d256c4aefc5edd!8m2!3d53.3997958!4d-3.0371234!16s%2Fg%2F11c457nj9p!19sChIJz0aps_wme0gR3V78rsRW0hg?authuser=0&hl=en&rclk=1,https://lh3.googleusercontent.com/gps-cs-s/AG0ilSyW7HiaZUUc3k9t_PJkmcwUZnPaO0LKgem3H_uPngfXZyNDTigGzuRuOkJs9kq1UGnUCcInQvOw8rvT2XvvCj6A24N_gPTFNIqbhoZSWUVc887OpZFhTgcwi753pWdB_FIxnPZ2Ww=w80-h106-k-no
La Baguette & Co.,Sandwich, · 62 Regent St,4.5,104,sandwich shops near me,2025-10-29 14:18:27.988961,https://www.google.com/maps/place/La+Baguette+%26+Co./data=!4m7!3m6!1s0x487ac66184215245:0x125911e03a32cfa0!8m2!3d53.0474757!4d-2.9978621!16s%2Fg%2F1td24z_1!19sChIJRVIhhGHGekgRoM8yOuARWRI?authuser=0&hl=en&rclk=1,https://lh3.googleusercontent.com/gps-cs-s/AG0ilSzMLJ86FF4OnczMPUn4v7aBpIqJmroLO5Xwl17YKe4Bse7izRUzVmjWwIzQJ6cAGcWVciRqycRaKHMt1VdGiv8bRyI1DHMk2biZ0EdEYQOk-dAQZf2h30T95DGpGd5dZIUY_WI=w80-h142-k-no
Joey’s,Sandwich, · 2a Hardman St,4.5,126,sandwich shops near me,2025-10-29 14:18:28.063564,https://www.google.com/maps/place/Joey%E2%80%99s/data=!4m7!3m6!1s0x487b2121ed6d5175:0x6a8a3c2d2c1aa1f0!8m2!3d53.4017488!4d-2.9729085!16s%2Fg%2F1wf21d5n!19sChIJdVFt7SEhe0gR8KEaLC08imo?authuser=0&hl=en&rclk=1,https://lh3.googleusercontent.com/gps-cs-s/AG0ilSwPmtJ4v2xRybmy3E7us8CgTp4YH7xrbzijOIX9oPRDW0d0SFzx48iiMzcTZBGYXmx5-Cd4H-prl7lVH_qQlLpBsas1xus2bm6g1HJJXvpmlAhgI3nm5ZMuEHkm20uIuL6nqRhNQHYRNyhT=w194-h92-k-no
DEREK'S Coffee & Sandwiches,Sandwich,Closes soon ⋅ 3 pm ⋅ Opens 8 am Thu,4.6,262,sandwich shops near me,2025-10-29 14:18:28.133412,https://www.google.com/maps/place/DEREK%27S+Coffee+%26+Sandwiches/data=!4m7!3m6!1s0x487b214bcf2ceff7:0xdbcdb4170eceeb1a!8m2!3d53.3874624!4d-2.909737!16s%2Fg%2F11qzlfw9xt!19sChIJ9-8sz0she0gRGuvODhe0zds?authuser=0&hl=en&rclk=1,https://lh3.googleusercontent.com/p/AF1QipMr7GAU_atLDMmTP5-dXQcj1nE9ULWwZwC-4R4E=w80-h100-k-no
Poundbakery,Sandwich, · 36/38 Frodsham St,2.9,31,sandwich shops near me,2025-10-29 14:18:28.247081,https://www.google.com/maps/place/Poundbakery/data=!4m7!3m6!1s0x487add4f35f22363:0x3fbec2d783b33476!8m2!3d53.1924267!4d-2.8884377!16s%2Fg%2F1tg9h2hg!19sChIJYyPyNU_dekgRdjSzg9fCvj8?authuser=0&hl=en&rclk=1,https://lh3.googleusercontent.com/gps-cs-s/AG0ilSynJAjeteu4MIsnBTNWgF5iK2-KPai0NvmKzHSQt8ZwMbZX8bqSOijxYnd3HEG_1GlfCFcIQEyx9hQwjI0januHGKC3bUQYV-Tcejyih9J0DGgMBX7p_3gaWY5k54YLZQ8aTHPCUA=w152-h92-k-no
Starbucks Coffee,Sandwich, · Parkway,4.2,535,sandwich shops near me,2025-10-29 14:18:28.423812,https://www.google.com/maps/place/Starbucks+Coffee/data=!4m7!3m6!1s0x487adba2ed42792f:0xe80a7d28924fe3a6!8m2!3d53.23323!4d-3.00554!16s%2Fg%2F1tdfbn6f!19sChIJL3lC7aLbekgRpuNPkih9Cug?authuser=0&hl=en&rclk=1,https://lh3.googleusercontent.com/p/AF1QipP8rnfGyxsEq8Brg8YGNr0N0bDtSRrzMZY-HxPk=w137-h92-k-no
Garden Square Deli,Fast food, · Roadchef Chester Motorway Services,2.9,17,sandwich shops near me,2025-10-29 14:18:28.508164,https://www.google.com/maps/place/Garden+Square+Deli/data=!4m7!3m6!1s0x487ae70ff32b3c13:0xa8a5b2fa480dd36b!8m2!3d53.2685509!4d-2.8026422!16s%2Fg%2F11jslp6378!19sChIJEzwr8w_nekgRa9MNSPqypag?authuser=0&hl=en&rclk=1,https://lh3.googleusercontent.com/gps-cs-s/AG0ilSyrkrP6bDi1rJBa7AGnSDrD8J0DuvHq1kGNZ_YatpRNuB0JUQNiH2Xgrdrs_qnoDBA4zTJAbFNeRp_OJQMAjLTkMwJWCuQIIp6zRqc3amCd36BqBJiEWta_KfomsuCynhLo2Uiy=w80-h106-k-no
Number Thirty Two,Sandwich,Closes soon ⋅ 3 pm ⋅ Opens 8:30 am Thu,5.0,3,sandwich shops near me,2025-10-29 14:18:28.589600,https://www.google.com/maps/place/Number+Thirty+Two/data=!4m7!3m6!1s0x487b2726c8d479fb:0xdc41e2e1823c244a!8m2!3d53.3921158!4d-3.0154335!16s%2Fg%2F1yh9twl9d!19sChIJ-3nUyCYne0gRSiQ8guHiQdw?authuser=0&hl=en&rclk=1,https://lh3.googleusercontent.com/gps-cs-s/AG0ilSzLaRoUiXuwsE1Goc6ACmtwJ_Vatp-v8YlebQZahHSKXrxM5ueoxZ4Lga-BV9AyutxNrktgOtXoMCvAzYSm-zqt7fsJKf0NjACMXBvmPf4vwciGZN82uzyG67lZ39yuaaUWfQja=w80-h142-k-no
Hectors,Sandwich, · 156 Banks Rd,4.6,77,sandwich shops near me,2025-10-29 14:18:28.668748,https://www.google.com/maps/place/Hectors/data=!4m7!3m6!1s0x487b29eb1e053ced:0x88dbfd93f3cf8808!8m2!3d53.3681271!4d-3.1830183!16s%2Fg%2F1tl9m3gg!19sChIJ7TwFHuspe0gRCIjP85P924g?authuser=0&hl=en&rclk=1,https://lh3.googleusercontent.com/gps-cs-s/AG0ilSyrwz3X6MXSXqzC3pdUkVgk_0pPMsZm_XrDDajOp2SIhffN03j60IH8_NKU5jKXOzFlH03x9Si0PadTTUhOW4yjJQOIiHnGQgqb6dVV8OCjE2ZurpUQQm8CjEQ9BtvEP6j8cuIKaQ=w80-h142-k-no
Subway,Sandwich, · 1196 New Chester Rd,3.8,152,sandwich shops near me,2025-10-29 14:18:28.751782,https://www.google.com/maps/place/Subway/data=!4m7!3m6!1s0x487adf20fcdc9cf5:0x146157b6262b0c11!8m2!3d53.3131746!4d-2.9651542!16s%2Fg%2F11d_d0nn6t!19sChIJ9Zzc_CDfekgREQwrJrZXYRQ?authuser=0&hl=en&rclk=1,https://lh3.googleusercontent.com/p/AF1QipNljMygzAuan6xe6NpYBfpCHTxQzAl1RqPxi1Ri=w92-h92-k-no
Millennium Munchies,Sandwich,Open ⋅ Closes 4 pm,4.5,58,sandwich shops near me,2025-10-29 14:18:28.828046,https://www.google.com/maps/place/Millennium+Munchies/data=!4m7!3m6!1s0x487b204f06d4e107:0x13005b47cfc8175c!8m2!3d53.3899434!4d-2.9244934!16s%2Fg%2F1tdc9bjl!19sChIJB-HUBk8ge0gRXBfIz0dbABM?authuser=0&hl=en&rclk=1,https://lh3.googleusercontent.com/p/AF1QipMdn0u_xHxNID3dvNxnu9EvPx2_RSJRquyPRYRd=w137-h92-k-no
Hurst's Bakery,Sandwich, · 26 Cross Ln,4.5,153,sandwich shops near me,2025-10-29 14:18:28.903577,https://www.google.com/maps/place/Hurst%27s+Bakery/data=!4m7!3m6!1s0x487ad8a38f39ae09:0x658fb4e27dd8a957!8m2!3d53.3454627!4d-3.0114629!16s%2Fg%2F1tdw_1t5!19sChIJCa45j6PYekgRV6nYfeK0j2U?authuser=0&hl=en&rclk=1,https://lh3.googleusercontent.com/gps-cs-s/AG0ilSypoUB7Z75TqZgmMlnxh6VDdmfg_pKwW-j0lCkT1Is5-sXO0ahS02tkeWIXqi6gxpNhm5ECZuokG7Sq52uxRe2hOFIMvtQmar4rn8I3nIf6huFABOXCFqXbm9CpRQ2vJeWdI6OyjA=w163-h92-k-no
Buttilicious,Sandwich,Closed ⋅ Opens 7:30 am Thu,4.9,58,sandwich shops near me,2025-10-29 14:18:28.968312,https://www.google.com/maps/place/Buttilicious/data=!4m7!3m6!1s0x487b1ded37b0f3e7:0x4a166d007726b205!8m2!3d53.3712316!4d-2.7743452!16s%2Fg%2F1tkrlbfb!19sChIJ5_OwN-0de0gRBbImdwBtFko?authuser=0&hl=en&rclk=1,https://lh3.googleusercontent.com/gps-cs-s/AG0ilSy5pKTyyT8OGQZJJrBWVVQ_-39z6FW__LtrtW_TBq0cVpIlJydckR0bdRH7U_uA7RJPLhW8DKGw99l1rFjYTyW1su_Grzg1Ixm-wRMcWIRPbJdFJhSElEHf95m7tv1G8woIOPQ=w122-h92-k-no
Mangetout Sandwich Bar/Cafe,Sandwich,Closes soon ⋅ 2:30 pm ⋅ Opens 7 am Thu,4.4,88,sandwich shops near me,2025-10-29 14:18:29.040614,https://www.google.com/maps/place/Mangetout+Sandwich+Bar%2FCafe/data=!4m7!3m6!1s0x487b2132439df459:0x2af5672da9075df!8m2!3d53.4087706!4d-2.9936395!16s%2Fg%2F1tf751jy!19sChIJWfSdQzIhe0gR33WQ2nJWrwI?authuser=0&hl=en&rclk=1,https://lh3.googleusercontent.com/gps-cs-s/AG0ilSzpHJIydOlyLQVBdzs4t9BAS8Xwd91hRA2Stv_0kMt04HEcmc_EbfszJtEDclefz7ilN9jzHZ0mcpfGHCpfuRkR73DP1ez1o1JuewbP862xYjG7i13dl_-pwm9rAXtR7UDePFo6Lg=w197-h92-k-no
JOE & THE JUICE,Sandwich," · Designer Outlet Cheshire Oaks, Cheshire Oaks Outlet, Mall, Kinsey Rd",2.9,63,sandwich shops near me,2025-10-29 14:18:29.118542,https://www.google.com/maps/place/JOE+%26+THE+JUICE/data=!4m7!3m6!1s0x487add002fd3b0c1:0xd0dc682d47a73860!8m2!3d53.2669074!4d-2.8802157!16s%2Fg%2F11y63j4509!19sChIJwbDTLwDdekgRYDinRy1o3NA?authuser=0&hl=en&rclk=1,https://lh3.googleusercontent.com/gps-cs-s/AG0ilSx9XxqjlLt2189Srm5m9jb1NFitqpJa8pOTrY2T9Dr8BhhKGk6jaS2C5bLb9X2PQE04_eaQhCOAr26xTmjwtVGwUNFK4lp4jdIFZ4qlxAxxY_mMnU_2dVxqEeL-2tKmnSDoyG5wIJ3zMgsC=w80-h142-k-no
Philpotts,Sandwich, · 29-31 Brunswick St,4.2,103,sandwich shops near me,2025-10-29 14:18:29.187545,https://www.google.com/maps/place/Philpotts/data=!4m7!3m6!1s0x487b212ddcb69b99:0x5a9e56a738f69f60!8m2!3d53.4054478!4d-2.9924608!16s%2Fg%2F1tglmftc!19sChIJmZu23C0he0gRYJ_2OKdWnlo?authuser=0&hl=en&rclk=1,https://lh3.googleusercontent.com/gps-cs-s/AG0ilSyaUpyQ_un0Usr3GjG8se_57zFp5K6H6a7FGNKxQyM6vEWN_6FgWNGTEWy14qjULlEE0Y3KTf98jiWvagPlt4oJnAQdRpZX5WwUCD2WbrgNzZwmX-CeG6J2ub9xTZTo-HzcVYlEZA=w138-h92-k-no
Sandwich Cabin,Sandwich,Closes soon ⋅ 2:30 pm ⋅ Opens 8 am Thu,4.3,12,sandwich shops near me,2025-10-29 14:18:29.259898,https://www.google.com/maps/place/Sandwich+Cabin/data=!4m7!3m6!1s0x487b2179c1e90b3f:0xb497c91aedc27b00!8m2!3d53.430625!4d-2.9516471!16s%2Fg%2F1tfqky7r!19sChIJPwvpwXkhe0gRAHvC7RrJl7Q?authuser=0&hl=en&rclk=1,https://lh3.googleusercontent.com/gps-cs-s/AG0ilSzrCTN81YxhfxvHxRWr9fPbOfCqMKd5u5KSeHwQR_dlP94D4Edvw4sph5mv2OJoDPV9-Q1HPBEjHHuZDiCN0H4OVC47a5SXg2zUShPUVX00AuLkQiYzM6drADMHa3DMluZNSIf1XxQVDOIa=w122-h92-k-no
Vaughn's Sandwich Bar,Sandwich,Closes soon ⋅ 2:30 pm ⋅ Opens 7:30 am Thu,4.6,173,sandwich shops near me,2025-10-29 14:18:29.324934,https://www.google.com/maps/place/Vaughn%27s+Sandwich+Bar/data=!4m7!3m6!1s0x487b214587035003:0x98a0d40ec37ac9e4!8m2!3d53.4258053!4d-2.9863828!16s%2Fg%2F11b_3cybzx!19sChIJA1ADh0Uhe0gR5Ml6ww7UoJg?authuser=0&hl=en&rclk=1,https://lh3.googleusercontent.com/gps-cs-s/AG0ilSzWcBO0C_lHWoEyIigq3kS7J481fveSgkw8Q-XCokzWLdaEVeKyocYly-hMIPSdpevykRFIJOiyGHWB6ct1Czl4Nk5PVpFeK7xcCAf6ciyqmV_xOFBq_e5_l3G_qNNj0D41wn-9=w80-h142-k-no
The Express Sandwich Co.,Sandwich,Closed ⋅ Opens 8 am Thu,4.7,54,sandwich shops near me,2025-10-29 14:18:29.394228,https://www.google.com/maps/place/The+Express+Sandwich+Co./data=!4m7!3m6!1s0x487b212de9d71a0f:0x6e781944c5e0877e!8m2!3d53.4057742!4d-2.9924569!16s%2Fg%2F1q67t731j!19sChIJDxrX6S0he0gRfofgxUQZeG4?authuser=0&hl=en&rclk=1,https://lh3.googleusercontent.com/gps-cs-s/AG0ilSwks3RbBhQ4reMqStUxriehySXgUmUPhEGwS6IlFsY1RbZrZhEJ5Mm8b9OnK9bQsdIxgXWFkLrNyEMo4PUllu1gXb2hdhZGyXdpjiW-zH_EOxV7ArA4mPJTWSee1DHmjzu-4AKVCQ=w80-h106-k-no
Starbucks Coffee,Sandwich, · A55,3.8,835,sandwich shops near me,2025-10-29 14:18:29.467124,https://www.google.com/maps/place/Starbucks+Coffee/data=!4m7!3m6!1s0x487ad00d1c49e389:0x813da896464a8d20!8m2!3d53.1978!4d-3.09083!16s%2Fg%2F11g8d2kyzz!19sChIJieNJHA3QekgRII1KRpaoPYE?authuser=0&hl=en&rclk=1,https://lh3.googleusercontent.com/gps-cs-s/AG0ilSxAUTPkfU5RNqVEmeEVAH1Ek3VmEw-86jsjseuPEuwFcTwxEqjdWF6Z9_A49ReBbehrFTCs43Kjvt6hkqan8op25LZyJENjzvhZyAwsN_uIKVu4AaM6AMssW7f8qi6NLFgz1XF44A=w80-h142-k-no
Tamarillo Sandwich Delivery Services,Sandwich," · St Martins House, Stanley Rd",4.6,140,sandwich shops near me,2025-10-29 14:18:29.543543,https://www.google.com/maps/place/Tamarillo+Sandwich+Delivery+Services/data=!4m7!3m6!1s0x487b23fb23f4017b:0xb9c66c0216475ab1!8m2!3d53.4478777!4d-2.9900406!16s%2Fg%2F1hc4r84q1!19sChIJewH0I_sje0gRsVpHFgJsxrk?authuser=0&hl=en&rclk=1,https://lh3.googleusercontent.com/p/AF1QipN2-0FZKmQLjVL2MlR_sprmLZrs7uuGGI2BXgLU=w118-h92-k-no
The Ditton Deli,Sandwich,Closed ⋅ Opens 7 am Thu,4.7,171,sandwich shops near me,2025-10-29 14:18:29.616305,https://www.google.com/maps/place/The+Ditton+Deli/data=!4m7!3m6!1s0x487ae1f7cd759569:0xf42ecdca2360d74e!8m2!3d53.366128!4d-2.7583439!16s%2Fg%2F11dfgsj86c!19sChIJaZV1zffhekgRTtdgI8rNLvQ?authuser=0&hl=en&rclk=1,https://lh3.googleusercontent.com/gps-cs-s/AG0ilSyID6pK7ImCLhc8kvMYryFHWQIp_UsE6PQf1ZgHl_SPExNyo242n-6OMKHYmZ07ebMlTs2ZB7cMhHK_v7pPOR3cG6hyEHVF83M2xFFTnic7bZfuZ8Ad5y_PqvfQikQb-IqZQaCs=w92-h92-k-no
Kitchen 54,Sandwich,Open ⋅ Closes 4 pm,4.6,193,sandwich shops near me,2025-10-29 14:18:29.702028,https://www.google.com/maps/place/Kitchen+54/data=!4m7!3m6!1s0x487b21e3934fce75:0xf785a51c6e71b797!8m2!3d53.4081847!4d-2.9878122!16s%2Fg%2F11qg4xt41_!19sChIJdc5Pk-Mhe0gRl7dxbhylhfc?authuser=0&hl=en&rclk=1,https://lh3.googleusercontent.com/gps-cs-s/AG0ilSzaJ52Y-ks7mkZnlF7XnZirghXsFa9__zYb2MqRYzSx5dAHWwaG-eDFunoi4-ws4L4OXEUM-OQLYQWJonb40s--jeFa_h4V8NEBVdqAzi38rVbVjQNBBfH1yTLUsq9n4NThtnO0=w80-h106-k-no
The Deli on the Hill,Deli,Open ⋅ Closes 5 pm,4.8,56,sandwich shops near me,2025-10-29 14:18:29.788617,https://www.google.com/maps/place/The+Deli+on+the+Hill/data=!4m7!3m6!1s0x48652b731a2182d5:0xa8fda3574a67e693!8m2!3d53.3332485!4d-3.4020927!16s%2Fg%2F11lh4xc901!19sChIJ1YIhGnMrZUgRk-ZnSlej_ag?authuser=0&hl=en&rclk=1,https://lh3.googleusercontent.com/gps-cs-s/AG0ilSwr8D0HBRwemzEPTmisq1KZkcuuEWARzooGP0pjp3O15xfR9jC_IcuTiS8uPJQLH9vwEJU_HkNnmlRy-FGqb88xAEc03j8EbkQwycwNECDrz94XPNBAWCwyVRaCcwcT_8_RyGY=w80-h106-k-no
Starbucks Coffee,Sandwich, · Chester Rd,4.1,290,sandwich shops near me,2025-10-29 14:18:29.861639,https://www.google.com/maps/place/Starbucks+Coffee/data=!4m7!3m6!1s0x487ac4a7a9f1acb3:0xd231d0e347413ea8!8m2!3d53.16707!4d-2.97412!16s%2Fg%2F11fk14cn81!19sChIJs6zxqafEekgRqD5BR-PQMdI?authuser=0&hl=en&rclk=1,https://lh3.googleusercontent.com/gps-cs-s/AG0ilSxG_1h34gwU19kUL5JBI7JHqNHPm-hacCEMSNKDMEQM3Rdf0RxDJOHhBbdFBt5nzCuP-4Aqt9YTGmbMjXbBtXepXYzaHVq6U7Np7wfI0LZSMtTONuhY_VBcC568jJ8Zif2SqAjylQ=w80-h106-k-no
Alexanders,Sandwich,Open ⋅ Closes 4:30 pm,4.7,158,sandwich shops near me,2025-10-29 14:18:29.952008,https://www.google.com/maps/place/Alexanders/data=!4m7!3m6!1s0x487b248619b571b9:0x270fb7224ccf2884!8m2!3d53.4890434!4d-3.0232408!16s%2Fg%2F1hc37tlx9!19sChIJuXG1GYYke0gRhCjPTCK3Dyc?authuser=0&hl=en&rclk=1,https://lh3.googleusercontent.com/gps-cs-s/AG0ilSzXgE4EB7RF_m75zKDPi8XQ1xAorW67hVlD5Rf7hguiQ1qQ75p_zj1VLpAQmvNzPjE_t7qVAYcqwvvdf7qNzswg0teeAt_382VoSMVf2BrIEg9CvhQ-zasfq-eap3h86FLqY506tONcYvdW=w122-h92-k-no
Castro's Cafeteria Liverpool,Sandwich, · 8A Hackins Hey,5.0,314,sandwich shops near me,2025-10-29 14:18:30.036139,https://www.google.com/maps/place/Castro%27s+Cafeteria+Liverpool/data=!4m7!3m6!1s0x487b21eddf2653d1:0x6abac9849d310dcb!8m2!3d53.4078301!4d-2.9902701!16s%2Fg%2F11tnf2bt55!19sChIJ0VMm3-0he0gRyw0xnYTJumo?authuser=0&hl=en&rclk=1,https://lh3.googleusercontent.com/p/AF1QipMlCb3onKLNkX4pQndLj6m9r9SA7ra1818_UMMV=w92-h92-k-no
Starbucks Coffee,Sandwich, · Parkgate Rd,3.9,781,sandwich shops near me,2025-10-29 14:18:30.114523,https://www.google.com/maps/place/Starbucks+Coffee/data=!4m7!3m6!1s0x487adc43b54fa68b:0x9b497c5fff4c001c!8m2!3d53.23953!4d-2.94945!16s%2Fg%2F11bxf_zvwf!19sChIJi6ZPtUPcekgRHABM_198SZs?authuser=0&hl=en&rclk=1,https://lh3.googleusercontent.com/p/AF1QipNelMUBbcdYI4eDi8PZ7dCsoaXHVWHggl_bPAsc=w137-h92-k-no
Shell,Sandwich,Open 24 hours,3.8,59,sandwich shops near me,2025-10-29 14:18:30.177781,https://www.google.com/maps/place/Shell/data=!4m7!3m6!1s0x487ad00c6feddaa1:0x8b9ffa6a7b837980!8m2!3d53.192913!4d-3.081794!16s%2Fg%2F1td6rs3p!19sChIJodrtbwzQekgRgHmDe2r6n4s?authuser=0&hl=en&rclk=1,https://lh3.googleusercontent.com/p/AF1QipOg7L2XDTr7fUDK2mc3cEn8huHdzEuCNn_7fhyG=w163-h92-k-no
The Sandwich shop,Sandwich,Closes soon ⋅ 3 pm ⋅ Opens 8 am Thu,4.8,36,sandwich shops near me,2025-10-29 14:18:30.246073,https://www.google.com/maps/place/The+Sandwich+shop/data=!4m7!3m6!1s0x487af96fffa67c71:0x5afc0012fd409d70!8m2!3d53.2449594!4d-2.5457778!16s%2Fg%2F11c2066ry1!19sChIJcXym_2_5ekgRcJ1A_RIA_Fo?authuser=0&hl=en&rclk=1,https://lh3.googleusercontent.com/gps-cs-s/AG0ilSxff-WBDnncFTEYKIqYqt0eNSDWZgWZDkit4lsZLvZCkztU4_5JGmAhBSs9MGWiKluXccilc_2eOZEY0yzQJtm6id53-2Z9ElmU2JoTJsADg_s-g3-NsiW8eQaAkt80NN6rIdBm=w80-h106-k-no
Out to Lunch,Sandwich, · 2-4 Chapel St,4.3,143,sandwich shops near me,2025-10-29 14:18:30.312653,https://www.google.com/maps/place/Out+to+Lunch/data=!4m7!3m6!1s0x487b2132128999b5:0x4e5eb761f203df51!8m2!3d53.408057!4d-2.9928001!16s%2Fg%2F1q64g9c_3!19sChIJtZmJEjIhe0gRUd8D8mG3Xk4?authuser=0&hl=en&rclk=1,https://lh3.googleusercontent.com/gps-cs-s/AG0ilSwqmcZhgKaGgf6WAhkMoyzuN7pQrgHTMDSNMBCcJd6EAMarmxs7VZixNdmZnck6rkxF9W1orTrEgwfoh5StCSP1dCm6KRfsP0jgoRF-DjWgASznjwb5e-kxwqP2nIheQdv8F4_ZTA=w85-h92-k-no
Pickles Farms,Sandwich, · 13 Barrow St,4.5,142,sandwich shops near me,2025-10-29 14:18:30.385383,https://www.google.com/maps/place/Pickles+Farms/data=!4m7!3m6!1s0x487b1b78825dd04d:0xf957c54f3a306c2c!8m2!3d53.4534913!4d-2.7367724!16s%2Fg%2F1td29wcw!19sChIJTdBdgngbe0gRLGwwOk_FV_k?authuser=0&hl=en&rclk=1,https://lh3.googleusercontent.com/p/AF1QipMqGsxZfGkgjAmQtVXeTt6MKbJ4wg4_mrvJUjJR=w122-h92-k-no
Big Bite,Sandwich, · 88 Upper Parliament St,4.2,53,sandwich shops near me,2025-10-29 14:18:30.455450,https://www.google.com/maps/place/Big+Bite/data=!4m7!3m6!1s0x487b20e03e47033f:0xe077e016f5249028!8m2!3d53.3958559!4d-2.9682504!16s%2Fg%2F1t_wnx02!19sChIJPwNHPuAge0gRKJAk9Rbgd-A?authuser=0&hl=en&rclk=1,https://lh3.googleusercontent.com/gps-cs-s/AG0ilSw-a1rLkKNZtkjJHQUD2Tt2vQVei5mKblF2zOK_yTZROU4j3VmZwDD9pHNtlyFzyjUbjPpyb_O0W2tTb0qm9KuWYLMp4jvyGJ23MXIQ8nfyoLfly_CzJrOasoLi9QeNH-M4_JY=w122-h92-k-no
